Temperature,G6,G7,G8,G9,G10,G11,G12,G13,G14,H6,H7,H8,H9,H10,H11,H12,H13,H14,I6,I7,I8,I9,I10,I11,I12,I13,I14,J6,J7,J8,J9,J10,J11,J12,J13,J14
65,3495.918232,3469.745021,3435.604961,3463.70198,3400.252381,3458.331309,3514.071038,3421.833888,3546.903956,3413.085111,3451.289354,3470.720578,3448.329709,3445.80242,3420.724942,3505.954958,3465.136234,3599.324104,3525.184897,3448.363287,3446.967082,3513.868207,3479.451532,3511.029696,3471.318921,3590.957032,3559.113572,3463.32623,3409.412499,3378.515025,3473.516257,3484.997202,3511.818213,3461.627478,3520.188946,3502.627296
65.2,3507.963312,3479.80903,3447.122239,3475.578788,3410.914915,3471.512792,3526.308975,3434.851894,3558.115561,3424.237297,3465.40829,3484.015993,3461.378792,3459.495642,3436.483185,3520.572868,3476.799535,3611.132907,3536.829369,3461.810012,3459.103959,3526.17191,3491.435811,3524.692702,3483.794632,3605.480995,3572.956451,3477.049345,3423.965045,3391.467717,3487.054876,3500.306541,3525.196239,3474.35202,3535.226758,3518.879435
65.4,3520.008391,3489.873039,3458.639517,3487.455597,3421.57745,3484.694275,3538.546912,3447.8699,3569.327167,3435.389483,3479.527227,3497.311408,3474.427874,3473.188863,3452.241428,3535.190778,3488.462837,3622.941709,3548.473841,3475.256738,3471.240837,3538.475614,3503.42009,3538.355708,3496.270344,3620.004958,3586.79933,3490.77246,3438.517591,3404.420409,3500.593495,3515.61588,3538.574264,3487.076562,3550.26457,3535.131574
65.6,3532.053471,3499.937048,3470.156795,3499.332406,3432.239984,3497.875758,3550.784849,3460.887905,3580.538772,3446.541669,3493.646164,3510.606822,3487.476956,3486.882085,3467.999672,3549.808688,3500.126138,3634.750512,3560.118313,3488.703463,3483.377714,3550.779317,3515.404369,3552.018713,3508.746055,3634.528921,3600.642209,3504.495575,3453.070138,3417.373101,3514.132114,3530.925218,3551.952289,3499.801103,3565.302381,3551.383713
65.8,3544.09855,3510.001057,3481.674073,3511.209214,3442.902519,3511.057241,3563.022786,3473.905911,3591.750378,3457.693855,3507.765101,3523.902237,3500.526038,3500.575306,3483.757915,3564.426598,3511.78944,3646.559314,3571.762785,3502.150189,3495.514591,3563.08302,3527.388648,3565.681719,3521.221767,3649.052884,3614.485088,3518.218689,3467.622684,3430.325793,3527.670733,3546.234557,3565.330315,3512.525645,3580.340193,3567.635851
66,3556.14363,3520.065066,3493.191352,3523.086023,3453.565054,3524.238723,3575.260724,3486.923917,3602.961983,3468.846041,3521.884038,3537.197652,3513.57512,3514.268528,3499.516158,3579.044508,3523.452741,3658.368117,3583.407257,3515.596914,3507.651468,3575.386724,3539.372927,3579.344724,3533.697478,3663.576847,3628.327967,3531.941804,3482.17523,3443.278484,3541.209352,3561.543895,3578.70834,3525.250187,3595.378005,3583.88799
66.2,3568.188709,3530.129076,3504.70863,3534.962831,3464.227588,3537.420206,3587.498661,3499.941923,3614.173589,3479.998227,3536.002975,3550.493067,3526.624202,3527.961749,3515.274402,3593.662418,3535.116043,3670.176919,3595.051729,3529.04364,3519.788345,3587.690427,3551.357206,3593.00773,3546.173189,3678.10081,3642.170846,3545.664919,3496.727777,3456.231176,3554.74797,3576.853234,3592.086365,3537.974729,3610.415817,3600.140129
66.4,3579.82821,3539.850234,3515.627068,3546.40872,3474.239787,3550.563238,3599.474074,3512.707405,3624.633422,3490.67161,3549.427435,3563.340847,3539.202942,3541.406593,3530.477414,3607.397651,3546.601288,3679.751232,3606.360103,3541.888789,3531.973664,3600.005417,3562.847875,3606.230927,3557.817149,3692.090442,3655.366839,3559.298845,3510.828481,3468.964084,3567.840138,3591.784168,3604.459528,3550.201109,3625.147901,3615.752669
66.6,3591.176311,3549.456653,3525.858313,3557.789374,3483.520443,3563.369698,3611.620863,3525.359319,3634.435781,3500.845588,3562.195416,3575.922176,3551.217327,3554.776786,3545.378441,3620.207381,3558.085038,3687.179762,3617.426473,3554.222265,3544.236487,3612.240253,3574.061197,3619.047702,3569.182259,3705.723949,3667.942262,3572.838227,3524.432917,3481.308646,3580.769366,3606.427416,3616.064453,3562.070641,3639.394957,3630.769309
66.8,3602.074667,3558.899696,3535.207309,3569.033207,3492.29478,3576.1551,3623.709108,3537.814361,3643.641275,3510.547039,3574.428179,3587.803871,3562.857897,3567.781665,3559.908793,3631.691219,3569.522667,3692.517775,3628.168544,3566.195191,3556.328818,3624.208191,3584.740988,3631.23783,3580.148583,3718.553053,3679.819169,3586.2778,3537.393114,3493.274185,3593.271326,3620.388808,3626.664745,3573.551318,3653.049931,3644.798063
67,3612.565722,3568.246347,3543.57122,3579.720654,3500.235303,3588.579997,3635.364853,3549.83053,3652.089669,3519.711673,3585.842702,3598.921655,3573.663737,3580.081909,3573.621044,3641.492615,3581.000386,3695.929667,3638.564296,3577.3305,3567.696343,3635.401414,3594.656031,3642.397806,3590.461514,3730.34136,3691.027072,3599.463818,3549.547363,3504.779286,3605.217655,3633.421774,3636.103855,3584.352894,3666.226246,3657.613662
67.2,3622.525023,3577.487732,3551.062428,3589.7625,3507.260844,3600.020901,3646.364521,3561.099302,3659.862176,3528.232168,3596.059338,3608.93339,3583.37992,3591.449834,3586.526219,3649.456698,3591.940053,3697.869434,3648.427914,3587.255939,3578.209329,3646.063691,3603.481353,3652.139012,3600.072257,3740.682582,3701.071773,3612.211011,3560.704865,3515.322261,3615.868834,3645.041252,3644.099499,3594.032922,3678.018929,3668.625994
67.4,3631.541159,3586.261864,3557.511898,3599.058665,3513.103793,3610.097675,3656.626897,3571.61533,3666.847499,3535.899396,3605.136498,3617.734065,3591.86069,3601.735191,3598.201887,3655.66656,3602.170894,3698.849686,3657.639931,3595.936576,3587.335496,3655.557806,3611.076727,3660.066181,3608.960986,3749.423591,3709.746914,3624.37993,3570.536343,3524.702949,3625.399572,3655.097106,3650.738948,3602.518475,3688.278409,3677.525294
67.6,3639.359747,3594.224444,3562.968292,3607.039521,3518.026702,3618.683873,3665.456503,3580.718125,3672.868755,3542.581192,3612.726245,3625.028093,3598.832383,3610.365712,3608.24238,3659.858747,3611.384008,3699.069511,3665.749579,3603.160814,3594.974696,3663.715545,3617.05,3665.961924,3616.477247,3756.096434,3716.76972,3635.212438,3578.781785,3532.861202,3633.397985,3663.235884,3655.708575,3609.166176,3696.678874,3683.965607
67.8,3645.58853,3601.277475,3567.328867,3613.620534,3521.560803,3625.255782,3672.657661,3588.048215,3677.6098,3547.972534,3618.534912,3630.668881,3603.782295,3617.093499,3616.042768,3662.345417,3619.069497,3698.74601,3672.561975,3608.546615,3600.647638,3670.235899,3621.345263,3669.649091,3622.503627,3760.826257,3722.089409,3644.350003,3585.03004,3539.289884,3639.507565,3669.163938,3658.891179,3614.032291,3702.947591,3687.833948
68,3650.030418,3606.896979,3570.586698,3618.778793,3524.051487,3629.927982,3678.135159,3593.568001,3681.002875,3551.720735,3622.459727,3634.328547,3606.912909,3621.91781,3621.710811,3663.419762,3624.920402,3698.271859,3677.898629,3612.150057,3604.487228,3675.163913,3624.029669,3671.543218,3627.119595,3763.558049,3725.600347,3651.692892,3589.352572,3543.941009,3643.643153,3673.120365,3660.5181,3617.031375,3706.72567,3689.499176
68.2,3652.654835,3610.884541,3572.503675,3622.417252,3525.357135,3632.848287,3681.996193,3597.138423,3683.016389,3553.837006,3624.880975,3636.31728,3608.238949,3624.818323,3624.884009,3663.264097,3628.887616,3697.568487,3681.30494,3614.16124,3606.499007,3678.17387,3625.284709,3671.972876,3630.000211,3764.487824,3727.247896,3656.867478,3591.837284,3546.88443,3646.04952,3675.395483,3660.528376,3618.264015,3708.593322,3689.502056
68.4,3653.691674,3613.199282,3573.028114,3624.496615,3525.945017,3634.272562,3684.142748,3598.605976,3683.768425,3554.426721,3625.564745,3636.618394,3607.965201,3626.064063,3626.255972,3662.344973,3631.116935,3696.480221,3682.797385,3614.821376,3606.995197,3679.56627,3625.213062,3671.418341,3631.151631,3763.99161,3727.366211,3659.874992,3592.477379,3548.221242,3646.661014,3675.978469,3659.238751,3618.068689,3708.611,3688.266328
68.6,3653.144074,3614.1197,3572.355019,3625.150542,3525.464084,3634.091327,3685.018591,3598.429847,3683.2747,3553.601936,3624.92039,3635.410165,3606.400333,3625.840996,3626.004785,3661.070754,3631.65192,3694.756148,3682.718935,3614.081819,3606.013453,3679.555316,3624.028565,3669.813355,3631.122496,3762.602487,3726.40082,3661.148918,3591.614387,3547.952588,3645.58856,3675.190151,3656.960704,3616.878795,3707.327613,3686.207712
68.8,3651.603508,3613.649594,3570.69982,3624.40463,3524.339033,3632.946387,3684.827674,3597.063996,3681.999821,3551.800934,3623.283657,3633.221946,3604.061165,3624.57094,3624.966008,3659.529468,3630.879417,3692.050231,3681.514042,3612.340424,3604.193892,3678.516445,3622.027109,3667.779594,3629.860441,3760.437738,3724.449527,3660.946255,3589.713202,3546.674861,3643.381453,3673.584205,3654.013514,3614.78421,3705.224507,3683.874794
69,3649.317548,3612.171597,3568.348628,3622.718297,3522.409103,3631.064328,3683.701616,3594.868147,3680.117152,3549.338041,3621.058648,3630.365461,3601.090588,3622.650827,3623.291489,3657.846364,3629.233975,3688.367224,3679.153397,3609.932155,3601.847695,3676.643863,3619.408074,3665.368683,3627.696499,3757.859348,3721.706085,3659.702323,3587.105214,3544.670749,3640.589966,3671.222718,3650.552868,3612.179331,3702.60187,3681.444113
69.2,3646.524549,3609.992816,3565.390812,3620.138324,3519.97416,3628.541388,3681.718141,3592.200746,3677.675682,3546.41565,3618.503265,3626.971793,3597.938707,3620.289803,3621.585356,3656.096478,3627.0171,3683.874616,3676.201084,3606.943412,3599.01776,3674.300782,3616.228228,3662.561359,3625.085116,3755.320623,3718.572203,3657.664577,3583.962536,3542.181626,3637.477641,3668.358454,3647.005393,3609.412719,3699.821429,3678.748191
69.4,3643.470764,3607.405132,3562.326839,3616.981278,3517.130456,3625.792746,3679.232347,3589.462882,3674.808346,3543.314674,3615.973629,3623.436069,3594.582883,3617.511621,3619.808208,3653.980854,3624.327989,3678.57943,3673.025234,3603.614669,3596.134159,3671.60725,3612.869538,3659.421745,3622.290764,3752.591797,3715.252766,3655.088861,3580.724782,3539.561806,3634.188166,3665.412407,3643.472787,3606.476838,3697.134221,3676.071695
69.6,3640.458676,3604.34492,3559.002841,3613.687092,3513.973034,3623.21478,3676.341941,3586.680769,3671.776861,3540.299635,3613.439457,3620.19992,3591.244084,3614.618947,3618.151773,3651.395933,3621.374907,3672.923063,3669.838763,3600.318457,3593.355503,3668.73746,3609.38577,3656.443598,3619.139673,3749.780027,3711.872422,3652.39649,3577.531674,3537.167827,3631.139534,3662.566158,3640.248432,3603.700558,3694.504219,3673.397216
69.8,3637.300439,3601.154157,3555.6255,3610.414472,3510.496954,3620.784028,3673.154276,3583.810306,3668.652271,3537.236748,3610.814801,3616.95519,3588.015613,3611.694613,3616.264433,3648.159662,3618.403093,3667.364696,3666.411012,3597.056945,3590.436335,3665.756233,3605.828315,3653.389797,3616.09362,3746.888625,3708.685643,3649.501303,3574.454611,3534.830654,3628.223007,3659.735633,3637.193438,3601.008934,3691.891844,3670.660025
70,3634.01699,3597.995369,3551.963444,3606.951304,3506.904319,3618.203524,3669.926288,3580.891478,3665.339295,3534.344024,3608.176811,3614.060486,3584.762517,3608.736536,3614.463671,3644.412125,3615.422213,3661.766447,3663.024677,3593.691753,3587.410559,3662.734812,3602.359409,3650.25073,3612.841549,3743.940628,3705.733262,3646.371562,3571.254983,3532.522614,3625.326295,3657.113532,3634.443112,3598.168036,3689.502674,3667.618689
70.2,3630.697241,3594.728193,3548.287803,3603.648322,3503.303974,3615.713324,3666.808731,3577.906281,3661.993456,3531.536191,3605.138706,3611.201559,3581.490919,3605.667196,3612.478636,3640.130297,3612.546596,3656.045877,3659.686667,3590.545232,3584.362722,3659.46772,3599.09762,3646.920043,3609.377446,3740.429154,3702.829607,3643.328629,3568.058272,3530.327486,3622.472841,3654.441575,3631.655373,3595.007112,3686.907553,3664.384504
70.4,3627.1825,3591.407986,3544.378303,3600.498981,3499.355161,3612.923988,3663.830233,3574.82291,3658.537674,3528.605376,3601.777049,3608.173572,3578.390152,3602.806141,3610.047572,3635.162339,3609.781347,3650.558161,3656.414522,3587.347795,3580.990829,3656.127162,3595.796895,3643.239757,3605.727292,3736.782988,3699.913005,3640.207568,3564.692612,3528.045188,3619.752976,3651.66245,3628.667448,3591.481412,3684.130122,3660.691165
70.6,3623.339094,3588.013215,3540.402893,3597.189937,3495.310197,3610.003935,3660.936242,3571.687621,3654.864228,3525.397905,3597.842864,3604.356858,3575.098306,3599.847421,3607.086918,3629.812974,3607.049474,3645.1277,3652.635366,3583.869156,3577.340482,3652.396516,3592.428237,3639.092121,3601.837422,3732.553939,3696.562829,3636.761972,3561.002893,3525.433323,3616.775526,3648.360092,3625.149062,3587.048489,3680.867473,3656.562701
70.8,3619.26171,3584.440006,3536.134889,3593.671277,3491.04638,3606.557461,3657.990537,3568.502072,3650.767048,3521.855146,3593.482306,3600.19966,3571.497995,3596.582508,3603.724914,3624.36848,3604.111509,3639.689039,3648.646374,3580.069355,3573.515531,3648.230817,3588.706846,3634.296176,3597.31265,3727.943274,3692.64589,3633.354999,3556.746236,3522.374044,3613.486132,3644.628925,3621.234984,3582.089106,3677.065706,3651.889997
71,3615.03638,3580.402263,3531.875031,3590.000837,3486.669088,3602.728269,3654.899769,3564.97904,3646.384878,3517.762284,3588.710766,3595.279511,3567.522712,3592.832827,3599.635006,3618.564145,3600.677738,3634.324391,3644.444041,3576.069192,3569.409693,3643.479841,3584.673687,3628.906939,3592.461488,3722.649838,3688.116328,3629.913404,3552.135583,3518.893888,3609.756277,3640.216536,3616.43742,3576.690401,3672.537193,3646.756838
71.2,3610.489203,3576.103515,3527.619652,3586.053482,3482.023207,3598.479507,3651.591774,3561.210155,3641.673114,3513.170174,3583.751647,3589.971824,3563.04671,3588.682858,3594.827266,3612.518575,3596.702933,3629.190335,3639.89115,3571.489379,3564.990684,3638.381213,3580.254704,3623.253064,3587.332832,3717.009749,3683.008404,3625.968479,3547.031186,3514.857196,3605.484696,3635.167773,3611.139475,3571.08684,3667.466141,3641.427632
71.4,3605.613828,3571.194278,3523.255375,3581.717173,3477.373996,3594.043735,3647.773512,3556.976449,3636.784948,3508.068081,3578.400102,3584.192711,3557.977495,3583.570953,3589.555535,3606.652726,3592.075371,3623.881404,3634.787956,3566.465831,3560.300804,3632.911612,3575.257162,3617.373477,3581.750371,3710.83272,3677.377874,3621.634249,3541.647877,3510.435179,3600.390492,3629.541259,3605.387896,3565.142613,3661.840795,3635.873021
71.6,3600.565998,3566.049647,3518.665519,3577.029158,3472.601245,3589.064628,3643.414099,3552.351146,3631.85481,3502.635567,3573.0373,3578.415673,3552.657394,3577.998719,3583.902356,3600.815753,3586.976979,3618.441237,3629.74959,3561.155007,3555.276089,3627.268876,3569.87511,3611.291708,3575.924437,3704.731076,3671.755743,3616.895996,3535.892172,3505.481081,3594.892749,3623.734928,3599.406841,3559.405294,3655.927243,3630.11846
71.8,3595.451321,3560.510341,3513.911894,3572.118623,3468.035561,3583.854726,3638.564525,3547.248936,3626.932753,3497.107416,3567.668996,3572.319228,3546.938636,3572.216911,3578.000137,3594.950738,3581.409815,3613.021339,3624.396173,3555.468074,3550.046587,3621.435977,3564.558569,3605.354785,3570.219297,3698.271001,3665.865131,3611.523817,3530.110105,3500.515141,3589.296229,3617.62974,3593.228817,3553.589806,3649.742127,3624.289222
72,3590.133472,3554.745273,3508.915437,3567.007231,3463.549468,3578.529102,3633.33345,3541.946145,3622.057219,3491.602124,3562.096747,3566.132883,3541.208396,3566.475236,3572.1011,3589.212692,3575.686835,3607.449305,3618.740317,3549.59954,3544.540196,3615.749114,3558.973205,3599.56687,3564.66965,3691.953763,3660.008866,3605.542384,3524.234516,3495.42812,3583.464967,3611.566426,3587.367845,3547.905654,3643.476817,3618.609649
72.2,3584.688079,3548.746713,3503.525305,3561.496995,3459.105621,3572.94327,3627.779032,3536.382164,3617.338865,3486.13729,3556.264383,3559.913509,3535.486597,3560.811377,3566.328641,3583.602327,3570.007032,3601.793601,3612.893431,3543.736871,3539.028392,3610.152224,3553.084614,3593.73502,3559.004989,3685.722979,3654.30656,3599.414278,3518.387513,3490.268237,3577.516458,3605.726656,3581.500301,3542.059629,3637.082604,3612.693465
72.4,3579.243905,3542.890171,3498.097998,3555.825529,3454.644975,3567.163016,3622.199979,3530.7654,3612.604887,3480.860524,3550.397571,3553.928217,3529.742412,3555.482285,3560.61442,3577.932399,3564.304699,3596.310271,3606.959148,3537.817867,3533.498786,3604.382008,3547.403603,3588.068762,3553.399569,3679.550907,3648.681853,3593.275561,3512.408455,3484.920047,3571.801936,3599.85232,3575.833002,3536.353672,3630.558914,3606.870065
72.6,3573.582319,3536.856152,3492.673215,3550.290092,3450.214256,3561.331766,3616.580397,3525.029801,3607.718348,3475.651993,3544.410307,3548.113685,3523.928057,3550.152094,3555.090379,3572.088161,3558.594909,3590.990353,3600.777139,3531.843758,3528.117728,3598.562805,3541.804971,3582.311675,3547.883835,3673.122664,3642.791217,3587.15864,3506.391936,3479.820117,3566.019532,3593.947885,3570.087496,3530.522515,3624.148757,3601.25242
72.8,3567.760046,3530.942735,3487.266187,3544.722693,3445.494005,3555.484284,3611.078512,3519.324198,3602.697528,3470.191105,3538.316835,3542.411658,3518.320743,3544.631491,3549.63777,3566.235669,3553.043753,3585.460982,3594.674589,3526.114346,3522.630619,3592.871568,3536.144449,3576.544164,3542.187146,3666.9356,3637.152517,3581.206233,3500.356717,3474.642752,3559.926755,3588.312959,3564.339423,3524.809581,3618.090275,3595.669869
73,3561.768,3525.175002,3481.970392,3539.254054,3440.71492,3549.71698,3605.488405,3513.531009,3597.508723,3464.647328,3532.12234,3536.713719,3512.71006,3538.961839,3544.061777,3560.471488,3547.52446,3580.137955,3588.775404,3520.279557,3517.251145,3587.241824,3530.537092,3570.774979,3536.280287,3660.640599,3631.431921,3575.322829,3494.301141,3469.391748,3553.797755,3582.49738,3558.373984,3518.912819,3611.961722,3590.028861
73.2,3555.836596,3519.496689,3476.853161,3534.020097,3435.990884,3544.151466,3599.959344,3507.699514,3592.083815,3459.111569,3526.174389,3530.948891,3507.170525,3533.062177,3538.357934,3554.775855,3541.900916,3574.76465,3583.005907,3514.544051,3511.837051,3581.491452,3525.240206,3565.122743,3530.446619,3654.397237,3625.660126,3569.569852,3488.385025,3464.257113,3547.866184,3576.408583,3552.364974,3513.188367,3606.080198,3584.686803
73.4,3549.953071,3513.822515,3471.598474,3528.871973,3431.262416,3538.600853,3594.271926,3501.70264,3586.533419,3453.59392,3520.255669,3524.991171,3501.765859,3527.0674,3532.656553,3549.200155,3536.497167,3569.382518,3577.446966,3508.868557,3506.640279,3575.947084,3520.010306,3559.365617,3524.642978,3648.243521,3619.905912,3563.711287,3482.447164,3459.29805,3541.901302,3570.474409,3546.183164,3507.535499,3600.556295,3579.297054
73.6,3544.278109,3508.224466,3466.396004,3523.569832,3426.63728,3533.071403,3588.695838,3495.742997,3581.150264,3448.079591,3514.428816,3518.843032,3496.408384,3521.220298,3526.878028,3543.922724,3531.174334,3564.041804,3572.09209,3503.380488,3501.301344,3570.521667,3514.935668,3553.705225,3518.836351,3642.103564,3614.253953,3557.931158,3476.848853,3454.398335,3535.998505,3564.660873,3540.337132,3502.164666,3594.965906,3573.77137
73.8,3538.530231,3502.412671,3461.452567,3518.227931,3422.227498,3527.590454,3583.142785,3489.761013,3575.863955,3442.891163,3508.627724,3512.72698,3491.082962,3515.656122,3520.992364,3538.688835,3525.839149,3558.944233,3566.898929,3497.752635,3496.181937,3565.089737,3509.780431,3547.891923,3513.254016,3635.952413,3608.550411,3552.11919,3471.280408,3449.436581,3530.354634,3558.836461,3534.75132,3496.662459,3589.019621,3568.229932
74,3533.052434,3496.532884,3456.345346,3512.732334,3417.689921,3521.999436,3577.759122,3483.816116,3570.709863,3437.777659,3502.908859,3506.889609,3485.713324,3510.140647,3515.133666,3533.445485,3520.463979,3553.650606,3561.588176,3492.24526,3491.109502,3559.427868,3504.609715,3542.092597,3507.607862,3630.000326,3602.819966,3546.363511,3465.800822,3444.597339,3524.883802,3553.228292,3529.201759,3491.373987,3583.293931,3562.62778
74.2,3527.555796,3490.586857,3451.263759,3507.300433,3412.956327,3516.367854,3572.383916,3478.091856,3565.712644,3432.660151,3497.09701,3501.12113,3480.284348,3504.857663,3509.306229,3527.886802,3515.0827,3548.455803,3556.292289,3486.496644,3486.037982,3553.806815,3499.267528,3536.097616,3501.860399,3624.012401,3597.141719,3540.421683,3460.114481,3439.685893,3519.238915,3547.899513,3523.73296,3486.14457,3577.46085,3556.692555
74.4,3522.024469,3484.593229,3446.281448,3501.839536,3408.148678,3510.770233,3567.121003,3472.785737,3560.813753,3427.63957,3491.458476,3495.531931,3474.801831,3499.602191,3503.608345,3522.314808,3509.65565,3543.04546,3550.978813,3480.803261,3480.66286,3548.073994,3493.807034,3530.047942,3496.130794,3618.200755,3591.471411,3534.633817,3454.669481,3434.707484,3513.632677,3542.581827,3518.44908,3480.88373,3571.35398,3550.909385
74.6,3516.444507,3478.703807,3441.344099,3496.286849,3403.12954,3505.129391,3561.699465,3467.432892,3555.78213,3422.554987,3485.856687,3490.05987,3469.342498,3494.354681,3497.83558,3516.585332,3504.042189,3537.400173,3545.600613,3475.095194,3475.201051,3542.333457,3488.065462,3524.167862,3490.419779,3612.666581,3585.789133,3528.786155,3449.008029,3429.49706,3508.149607,3537.070572,3512.780321,3475.350859,3565.342515,3545.192516
74.8,3511.058338,3473.03283,3436.197945,3490.879583,3398.066246,3499.485406,3556.224089,3462.253703,3550.778852,3417.36833,3480.326004,3484.72659,3463.807961,3489.075838,3492.285478,3510.767121,3498.275983,3531.680234,3540.071359,3469.595855,3469.624244,3536.557843,3482.448832,3518.461864,3484.594573,3607.044542,3580.053276,3522.940849,3443.368094,3424.314138,3502.536515,3531.422181,3506.792815,3469.836291,3559.540349,3539.682355
75,3505.583978,3467.453591,3431.275832,3485.482536,3393.143478,3493.921396,3550.699169,3457.190646,3545.634882,3412.214095,3474.939906,3479.266935,3458.463347,3483.836019,3486.878429,3504.76655,3492.690669,3525.990512,3534.664285,3464.308438,3464.150113,3530.931999,3477.145426,3512.652218,3478.965339,3601.261635,3574.388651,3517.24171,3437.907535,3419.116281,3496.967334,3525.758041,3500.864009,3464.185826,3553.776142,3534.448337
75.2,3500.084109,3461.993383,3426.306029,3480.05446,3388.354125,3488.359078,3545.081923,3451.988126,3540.447196,3407.070899,3469.512671,3473.775073,3453.170175,3478.460917,3481.545682,3499.058818,3487.095903,3520.18512,3529.206065,3459.34783,3458.813132,3525.335604,3471.892306,3506.969651,3473.501485,3595.469518,3568.677958,3511.763637,3432.590246,3414.12597,3491.407644,3519.935798,3494.922945,3458.157541,3548.056401,3529.619221
75.4,3494.569069,3456.630368,3421.466809,3474.843081,3383.661222,3482.763947,3539.628188,3446.522287,3535.175132,3401.709036,3463.976962,3468.175189,3448.082296,3473.266047,3476.232,3493.236398,3481.307543,3514.425976,3523.533268,3454.297082,3453.741059,3519.870455,3466.543975,3501.457717,3467.918923,3589.309911,3562.894453,3506.265281,3427.095009,3409.215287,3485.859535,3514.063567,3488.909101,3452.080652,3542.430462,3524.614836
75.6,3489.074768,3451.115908,3416.539024,3469.908539,3379.318006,3477.216406,3534.298306,3441.138655,3530.03454,3396.295632,3458.499711,3462.474873,3443.02943,3467.95003,3470.967296,3487.432852,3475.76686,3508.825705,3517.930018,3449.255121,3449.149088,3514.330263,3461.424652,3495.900008,3462.098632,3582.935513,3557.205525,3500.728579,3421.680413,3404.611159,3480.211187,3508.503263,3483.130091,3446.033397,3536.787651,3519.513274
75.8,3483.57323,3445.663412,3411.491698,3464.871218,3374.815039,3471.496158,3528.930222,3435.657672,3524.815704,3390.970477,3452.951463,3456.517964,3438.140538,3462.508256,3465.451086,3481.808812,3470.511074,3503.073916,3512.455896,3444.051052,3444.64173,3508.66781,3456.253085,3490.45393,3456.299544,3576.653272,3551.528434,3495.225112,3416.311027,3399.978482,3474.68485,3503.070175,3477.473708,3440.120778,3531.189921,3514.257193
76,3477.965691,3440.063738,3406.396119,3460.035827,3370.228407,3465.698778,3523.655569,3430.122161,3519.841968,3385.558024,3447.404356,3450.532053,3433.023947,3457.176065,3459.667326,3476.467238,3465.200999,3497.382037,3506.790235,3438.503545,3439.971594,3503.06247,3450.755645,3485.0365,3450.472059,3570.482766,3545.841426,3489.712861,3410.769615,3395.434351,3469.082044,3497.710876,3471.985305,3434.333875,3525.492809,3508.681861
76.2,3472.331303,3434.358169,3401.338913,3455.111472,3365.586577,3459.790801,3518.616405,3424.500674,3514.820524,3380.077611,3441.843415,3444.749398,3428.004477,3452.005573,3453.849529,3471.01729,3459.916499,3491.597045,3501.115821,3432.781815,3435.235458,3497.541569,3445.329397,3479.728828,3444.544093,3564.443565,3540.182927,3484.177477,3405.296906,3390.678732,3463.711023,3492.540867,3466.583272,3428.920229,3519.723426,3502.90937
76.4,3466.6693,3428.668681,3396.132502,3449.994554,3360.920361,3453.945046,3513.462845,3418.938432,3509.911343,3374.697402,3436.334879,3439.177105,3422.675173,3446.718554,3447.708121,3465.618557,3454.842079,3486.106971,3495.718414,3427.136417,3430.447326,3491.985622,3440.140089,3474.578971,3438.79944,3558.683365,3534.605417,3478.665734,3399.754929,3385.983325,3458.287396,3487.602096,3461.254795,3423.496531,3513.968155,3497.226077
76.6,3460.955589,3423.152167,3390.928689,3444.772705,3355.862458,3448.194028,3508.30836,3413.360018,3504.690153,3369.521533,3430.646344,3433.812207,3417.383649,3441.599884,3441.43135,3460.31163,3449.749048,3480.549052,3490.269293,3421.43579,3425.233944,3486.4057,3434.980332,3469.447617,3433.478009,3553.066968,3528.828594,3473.242246,3394.302731,3381.050839,3452.828924,3482.544838,3455.762846,3418.187732,3508.19609,3491.681806
76.8,3455.042994,3417.481763,3385.980196,3439.522768,3350.950714,3442.624852,3503.287037,3407.622414,3499.384638,3364.077677,3425.018257,3428.577869,3411.829476,3436.619501,3435.170606,3454.827905,3444.381348,3475.108768,3484.604724,3415.838063,3419.942002,3481.037969,3429.811623,3464.173062,3428.116435,3547.534262,3523.125725,3467.741453,3388.789827,3376.259453,3447.344442,3477.451629,3450.280897,3412.595164,3502.139001,3486.186796
77,3448.967559,3411.926065,3380.884451,3434.094137,3345.933212,3436.839808,3498.155978,3401.686978,3493.745006,3358.532441,3419.258721,3423.319244,3406.374472,3431.428855,3429.049166,3449.117421,3438.741985,3469.503918,3479.198251,3410.381723,3414.707221,3475.501997,3424.651432,3459.096304,3422.536473,3541.913959,3517.547452,3462.006215,3383.115863,3371.343583,3441.818461,3472.13644,3444.480192,3406.648385,3496.033617,3480.835067
77.2,3442.74027,3406.475186,3375.802829,3428.687368,3340.987911,3430.866422,3492.675515,3395.680721,3487.916491,3352.811179,3413.519031,3417.773583,3400.778014,3426.054111,3422.6884,3443.580939,3432.916406,3463.934612,3473.834753,3404.994248,3409.238752,3469.823573,3419.342385,3453.885911,3416.74751,3536.068917,3511.942324,3456.210179,3377.303307,3366.333837,3435.998795,3466.729057,3438.63287,3400.359719,3489.914213,3475.376077
77.4,3436.322216,3400.914488,3370.757454,3423.165138,3336.029355,3424.536834,3486.878633,3389.362922,3481.692581,3346.78724,3407.662505,3412.054821,3395.50388,3420.617795,3416.192598,3438.024304,3426.562592,3457.869349,3468.300103,3399.57291,3403.682127,3464.123934,3413.96981,3448.256966,3410.656526,3530.108825,3506.181302,3450.175404,3371.699898,3361.146718,3430.092641,3461.081246,3432.727132,3393.705046,3483.747779,3469.717657
77.6,3429.64757,3395.16256,3365.64594,3417.58295,3331.252725,3417.76031,3480.868945,3382.659401,3475.33933,3340.225396,3401.699994,3406.065776,3390.109358,3415.011923,3409.479924,3432.182988,3419.47203,3451.471236,3462.543109,3394.006015,3398.213081,3458.404829,3408.390004,3442.440688,3403.904176,3524.02435,3500.538265,3443.982479,3365.807271,3356.046929,3424.181836,3455.347825,3427.132454,3386.590831,3477.579135,3463.937463
77.8,3422.556331,3389.236049,3360.213835,3411.92316,3326.338258,3410.411854,3474.645356,3375.515007,3468.588317,3333.342539,3395.600893,3399.955353,3384.762944,3409.161237,3402.205452,3426.266365,3411.977975,3444.564234,3456.847284,3388.275206,3392.606473,3452.465453,3402.75515,3436.584556,3396.586896,3517.665716,3494.650215,3437.721342,3359.798742,3350.739348,3418.138596,3449.455742,3421.474315,3379.268712,3471.606292,3458.089008
78,3415.192266,3383.01761,3354.752784,3406.049402,3321.497803,3402.619007,3468.185384,3367.820342,3461.18519,3325.914285,3389.377443,3393.645046,3379.4148,3403.23907,3394.229456,3420.231033,3403.835135,3437.237496,3450.62279,3382.36543,3386.943326,3446.378601,3397.149431,3430.6291,3388.660011,3511.412996,3488.45591,3431.503432,3353.83893,3345.271198,3411.995048,3443.67822,3416.044106,3371.618194,3465.602377,3451.898623
78.2,3407.115536,3376.432873,3348.819459,3399.908854,3316.40705,3394.242909,3461.657177,3359.227551,3453.149328,3317.921992,3382.858728,3387.192378,3373.881047,3396.999008,3385.624552,3413.766445,3394.628611,3429.166644,3444.22578,3376.170253,3381.227154,3440.032958,3391.411328,3424.592088,3380.156443,3505.217803,3482.051735,3424.972019,3347.554054,3339.836402,3405.532653,3437.779875,3410.732419,3363.370802,3459.747008,3445.579546
78.4,3398.021982,3369.400909,3342.416397,3393.46191,3310.779941,3385.021203,3455.192081,3349.669159,3444.116742,3308.858619,3376.054347,3380.358804,3367.65908,3390.408433,3376.134813,3406.891786,3384.482003,3420.247018,3437.47995,3369.752349,3375.199479,3433.269684,3385.513226,3418.692395,3370.595391,3498.960287,3475.43947,3418.268008,3340.913804,3333.968847,3398.72835,3431.744041,3405.203578,3354.393998,3453.801196,3439.100018
78.6,3387.477375,3361.968983,3335.671027,3386.409429,3304.535106,3374.504905,3448.476504,3338.750871,3433.909436,3298.69576,3369.049056,3373.163876,3360.885222,3383.323398,3365.402296,3399.740131,3373.172703,3410.279761,3430.30144,3363.063483,3368.734133,3426.025735,3379.456063,3412.831834,3359.803978,3492.496057,3468.319851,3411.019216,3333.955753,3327.498325,3391.362873,3425.625197,3399.115449,3344.12772,3447.552629,3432.014398
78.8,3375.544502,3354.168883,3328.565754,3378.807664,3297.798162,3362.531474,3441.095719,3326.093284,3422.301309,3287.196595,3361.504441,3365.451923,3353.471194,3375.696444,3353.400788,3392.257379,3359.976241,3399.103769,3422.43436,3355.855336,3361.84766,3418.272164,3373.050714,3406.791156,3347.441997,3486.045869,3460.832867,3403.32171,3326.597183,3320.512311,3383.177762,3419.526968,3392.844734,3332.209548,3441.164193,3424.115872
79,3361.485306,3345.928923,3320.859155,3370.605557,3290.127798,3348.878125,3433.113016,3311.575947,3409.498082,3273.9492,3353.310223,3357.085406,3345.0652,3367.311133,3339.753134,3384.111753,3344.839228,3386.278335,3413.965774,3347.960123,3354.141477,3409.922456,3366.364276,3400.240245,3333.355904,3479.115712,3452.615454,3394.75748,3318.474292,3312.815692,3374.029314,3413.177448,3386.191796,3318.39846,3434.52945,3415.620767
79.2,3345.191063,3337.031021,3312.516371,3361.459462,3281.600441,3333.037091,3424.147419,3294.767975,3394.730156,3258.496885,3344.413036,3347.816586,3335.782892,3358.157609,3324.147776,3375.262116,3327.57864,3371.60392,3404.336882,3339.132992,3345.830129,3400.838635,3359.471863,3393.427929,3316.723074,3471.733054,3443.36262,3385.319868,3309.621635,3304.12522,3364.276456,3406.586511,3379.000113,3302.159199,3427.329178,3406.102302
79.4,3326.1,3327.435728,3303.412962,3351.311641,3272.492573,3314.578002,3413.867546,3275.031073,3378.095641,3240.965561,3334.45852,3337.428234,3325.604892,3348.046958,3306.108898,3365.593842,3307.39452,3354.684122,3393.5517,3329.227349,3336.665552,3390.786452,3351.925484,3386.020608,3297.301445,3463.879389,3432.998703,3374.800478,3299.649541,3294.732507,3353.613113,3399.582722,3371.543548,3283.028444,3419.774963,3395.404283
79.6,3303.931694,3316.717889,3293.203547,3340.141628,3262.727458,3293.223223,3402.334726,3251.813043,3358.603663,3220.62545,3323.225746,3325.886026,3314.41162,3336.780664,3285.215289,3354.870072,3283.753808,3335.041398,3381.631847,3318.130445,3326.598658,3379.611649,3343.795488,3377.781339,3274.151614,3455.388625,3421.3422,3363.189905,3288.669569,3284.472457,3341.942585,3391.942024,3363.699322,3260.428115,3411.62703,3383.621122
79.8,3277.868277,3304.90481,3281.883155,3327.769614,3251.841412,3268.39452,3389.69735,3224.886596,3335.94944,3196.819762,3310.810651,3313.074149,3302.114099,3324.379222,3261.006267,3342.728449,3256.359126,3312.09984,3368.631735,3305.915689,3315.428841,3367.152467,3335.253018,3368.685378,3246.809267,3445.867592,3408.094597,3350.122307,3276.468997,3273.152424,3329.539136,3383.306799,3355.096866,3233.620067,3402.531118,3370.562708
80,3247.76496,3291.900571,3269.356844,3314.173074,3240.265136,3239.594174,3375.916279,3193.286575,3309.289653,3169.631078,3297.187416,3299.165682,3288.729314,3310.82712,3232.973896,3329.555423,3224.508467,3285.822424,3354.561614,3292.654608,3303.343174,3353.403519,3325.970816,3358.785162,3214.509107,3435.324907,3393.415275,3335.794371,3263.151153,3261.020282,3316.296233,3373.611,3345.5585,3201.844501,3392.327135,3356.167578
80.2,3213.455422,3277.713891,3255.961233,3299.662822,3227.754297,3206.972726,3360.988972,3157.234824,3279.1064,3139.00197,3282.29704,3284.21165,3274.107301,3296.176793,3200.990741,3315.103285,3188.035149,3255.98422,3339.375374,3278.53366,3289.912274,3338.224293,3315.674433,3347.68092,3177.208873,3423.59339,3377.420945,3320.25862,3248.766579,3248.036235,3301.742665,3362.678223,3334.677737,3165.00764,3380.867333,3340.567889
80.4,3175.639078,3262.300664,3241.574203,3284.123456,3214.134076,3171.031961,3344.990176,3117.135257,3245.361068,3105.122925,3266.187603,3268.280333,3258.379051,3280.168658,3165.632354,3299.410468,3147.3778,3223.077964,3323.128117,3263.192736,3275.102189,3321.733035,3304.382494,3335.220605,3135.020669,3410.149526,3360.07068,3303.446399,3233.226549,3234.0177,3286.071331,3350.299909,3322.029728,3123.282038,3367.575535,3323.812912
80.6,3135.073707,3245.902098,3225.870758,3267.247625,3198.97466,3132.656114,3327.426308,3074.111577,3209.323699,3068.943234,3248.664245,3251.092491,3241.405142,3262.788947,3127.85014,3282.220752,3103.441623,3187.734775,3305.537484,3246.450108,3258.573074,3303.762039,3291.482458,3321.104724,3089.313398,3394.598828,3341.248181,3285.169915,3216.317588,3218.623196,3269.100697,3335.822008,3307.368488,3077.868212,3352.32267,3305.660529
80.8,3092.8804,3227.683805,3208.261,3248.451321,3182.191836,3092.84638,3307.595896,3029.323163,3171.735355,3031.740029,3229.003999,3232.111647,3222.376943,3243.461447,3088.525128,3263.053316,3057.477149,3150.839961,3285.533391,3227.529796,3239.877632,3283.596116,3275.724103,3304.322002,3041.497996,3376.048096,3320.574989,3264.738412,3197.196393,3201.392459,3249.758969,3318.550957,3289.732601,3030.251746,3333.962427,3285.792409
81,3050.276004,3206.464146,3187.734254,3226.545597,3162.32104,3052.61882,3284.041757,2984.794349,3133.503852,2994.092403,3205.998653,3209.907083,3200.299582,3220.850872,3048.612736,3240.403149,3011.393454,3112.851245,3261.827296,3205.246544,3217.529818,3259.911006,3255.822026,3283.366592,2993.398418,3352.91629,3296.848475,3240.761574,3174.728638,3180.96773,3226.98633,3297.180491,3267.705068,2982.459907,3311.43426,3262.85799
81.2,3008.061943,3180.993941,3162.593228,3199.814574,3138.244818,3012.076874,3255.667334,2941.838178,3094.618316,2956.638566,3178.429732,3183.043198,3173.631383,3193.454786,3008.416088,3213.168232,2966.60445,3074.068882,3233.305407,3177.993776,3190.508682,3231.305747,3230.417764,3256.650015,2947.180317,3323.556809,3268.465423,3211.526337,3147.600221,3156.232214,3199.595681,3270.068798,3240.069639,2936.567138,3283.145281,3235.350427
81.4,2966.715164,3149.890135,3131.527225,3166.800015,3108.779813,2971.23369,3220.834595,2901.879645,3055.445576,2919.739288,3144.865957,3150.092767,3140.864511,3160.010432,2968.076273,3179.822861,2924.838525,3034.494268,3198.234865,3144.665427,3157.696509,3196.199318,3198.061885,3222.968079,2904.871842,3286.461515,3233.79188,3175.589592,3114.644158,3125.87285,3165.566557,3235.826255,3205.692772,2894.502523,3247.779051,3201.770116
81.6,2926.860618,3112.018132,3094.141456,3126.819646,3073.440918,2930.548358,3179.009668,2865.927174,3016.404187,2884.02319,3104.486309,3110.170524,3101.182023,3119.649734,2927.957927,3139.778813,2887.222081,2994.643781,3156.019559,3104.705936,3118.447964,3153.975274,3158.116214,3181.68184,2868.08784,3241.037546,3192.06881,3132.339703,3074.831212,3089.472253,3124.217661,3194.11398,3163.708674,2857.793313,3204.329489,3161.281782
81.8,2889.442892,3067.673938,3050.444975,3079.884561,3032.204503,2891.055693,3130.738882,2834.72687,2978.416798,2850.139637,3057.690159,3063.468658,3055.052551,3072.266269,2888.88803,3093.318135,2854.640396,2955.615343,3107.329373,3058.745276,3073.151018,3104.849462,3111.217682,3133.29606,2837.72298,3187.76708,3143.086657,3082.186878,3029.09761,3047.218693,3076.171568,3145.234079,3114.764845,2827.413341,3153.621841,3114.043598
82,2855.441101,3018.439109,3001.888071,3027.64468,2986.759978,2853.974439,3077.900253,2808.446433,2942.998379,2819.291123,3006.170797,3011.723316,3003.797524,3019.752935,2852.557195,3042.241847,2827.243977,2918.894429,3053.799047,3008.28579,3023.715492,3050.529187,3058.807674,3079.501789,2814.186544,3128.456539,3088.453922,3027.162929,2979.080608,3000.716326,3022.912111,3090.488382,3060.352942,2803.747374,3096.861258,3061.64801
82.2,2826.347321,2966.849934,2951.441665,2973.088822,2939.579916,2821.787647,3023.097928,2787.340548,2912.190187,2792.924939,2952.491875,2957.779945,2950.549312,2964.838641,2820.905037,2989.274885,2805.466399,2886.709505,2998.025616,2956.396568,2972.657666,2994.03739,3003.406425,3022.894307,2797.072871,3065.924234,3031.337061,2970.394193,2927.235025,2952.319522,2967.237604,3032.561011,3002.93215,2786.298135,3036.594022,3006.892951
82.4,2803.203179,2916.402209,2902.21533,2919.793987,2893.651531,2796.36725,2970.055478,2771.223088,2887.695428,2772.241195,2900.257638,2905.211614,2898.751225,2911.309679,2795.761319,2937.773446,2788.8512,2860.799123,2943.963285,2906.373075,2923.25082,2938.998948,2948.014431,2966.383657,2785.523453,3003.79167,2975.409192,2915.398232,2876.983459,2905.433774,2913.189304,2974.776332,2945.245511,2774.354685,2976.390533,2953.305938
82.6,2786.288373,2870.213596,2857.120781,2871.116313,2851.765731,2778.015012,2922.017179,2759.433189,2869.774972,2757.286328,2852.768995,2857.169804,2851.480482,2862.309389,2777.467534,2890.776913,2777.014243,2841.795752,2894.664922,2861.1644,2878.46492,2888.568909,2895.721076,2912.788976,2778.126759,2945.260271,2923.904955,2865.496976,2831.605182,2862.699436,2863.627919,2920.033655,2890.688182,2766.535639,2919.713581,2904.366548
82.8,2775.012481,2830.686432,2818.733634,2829.885896,2816.315937,2766.057719,2881.199064,2751.262458,2857.941035,2747.345137,2812.375157,2816.233118,2811.300642,2820.693038,2765.555721,2850.738829,2768.930612,2829.098027,2852.375023,2822.744849,2840.418097,2845.629334,2849.086603,2864.780846,2773.554904,2893.21004,2879.80508,2823.062866,2793.001779,2826.434257,2821.05999,2871.07925,2841.636737,2761.685467,2869.094498,2862.50378
83,2768.146456,2799.496526,2788.633747,2797.585371,2788.566406,2759.374612,2849.067249,2746.062226,2850.945673,2741.35444,2780.651483,2783.953826,2779.836866,2787.887661,2758.436814,2819.043163,2763.767196,2821.384493,2819.122688,2792.73887,2810.501387,2811.818249,2810.138383,2824.603251,2770.902587,2850.015309,2844.933795,2789.504221,2762.587601,2798.05663,2787.290854,2830.206232,2800.519299,2758.775267,2826.951057,2829.636888
83.2,2764.187564,2776.759335,2766.610464,2774.170787,2768.593339,2755.803086,2825.731911,2742.836307,2846.961675,2737.857624,2757.681521,2760.510671,2757.071147,2764.145852,2754.549083,2795.521497,2760.650903,2816.959883,2795.019352,2770.771229,2788.753284,2787.303841,2779.774123,2793.221786,2769.258011,2816.449187,2819.138884,2764.925409,2740.602502,2777.480182,2762.259224,2798.507678,2768.408237,2757.086193,2794.465863,2805.858913
83.4,2761.84189,2761.260942,2751.964513,2758.655844,2755.292244,2753.709974,2810.063685,2740.728215,2844.413067,2735.569809,2742.407573,2744.670284,2741.866311,2748.018064,2752.144294,2779.519952,2758.537867,2814.308195,2778.686956,2756.093316,2774.097988,2770.897421,2757.934972,2770.543094,2768.075515,2792.427015,2801.61641,2748.358201,2725.738038,2763.644437,2744.919531,2775.700985,2745.514351,2755.961236,2771.190286,2790.123167
83.6,2760.291422,2751.527439,2743.066724,2749.186249,2747.242626,2752.250397,2800.159001,2739.369659,2842.569772,2733.809315,2733.126559,2734.881529,2732.576549,2737.96888,2750.355563,2769.44979,2756.763513,2812.441752,2768.501031,2746.914375,2765.075538,2760.8574,2743.521636,2755.715811,2767.107371,2776.760233,2790.748375,2737.975116,2716.443294,2755.299638,2734.094236,2760.606218,2730.447214,2755.281414,2755.972501,2780.557144
83.8,2758.982211,2745.96786,2738.185476,2743.83795,2742.742746,2750.914995,2794.403226,2738.363778,2840.953768,2732.3845,2728.152431,2729.37702,2727.356964,2732.187135,2748.68889,2763.429668,2755.291584,2810.745912,2762.923442,2741.71002,2759.917774,2755.127671,2734.756646,2747.030491,2766.353829,2767.513189,2784.707546,2732.133884,2711.121225,2750.635332,2727.899182,2751.49709,2721.758761,2754.884337,2747.136596,2775.22374
84,2757.73459,2742.657549,2735.434126,2740.882686,2740.049777,2749.415524,2790.968932,2737.360007,2839.319839,2731.128438,2725.502461,2726.511917,2724.636591,2729.033864,2747.064428,2759.913928,2754.07633,2809.171118,2759.688098,2738.611232,2756.995992,2751.984433,2729.991979,2742.227901,2765.64307,2762.571732,2781.452939,2729.078088,2708.084719,2747.820867,2724.325575,2746.643462,2717.178457,2754.464552,2742.430906,2772.18421
84.2,2756.416361,2740.525395,2733.824122,2739.343659,2738.301621,2747.885205,2788.578944,2736.251512,2837.820704,2729.95624,2724.124776,2724.860342,2722.956347,2727.265545,2745.340337,2757.994003,2752.843125,2807.490409,2757.685344,2736.851119,2755.145082,2749.888496,2727.532184,2739.714694,2765.040003,2760.211123,2779.786398,2727.433538,2706.1503,2746.121489,2722.401617,2743.992114,2714.864097,2754.119473,2740.206447,2770.420366
84.4,2755.007215,2738.914847,2732.44787,2738.304223,2737.117678,2746.396627,2786.488091,2735.242025,2836.407595,2728.792017,2723.186292,2723.810342,2721.776181,2726.224045,2743.507166,2756.476359,2751.892846,2805.641569,2756.366803,2735.423904,2753.5869,2748.244528,2726.165474,2738.502669,2764.416419,2758.926179,2778.624501,2726.530852,2704.856863,2744.781482,2721.246757,2742.375265,2713.634365,2753.838506,2739.215124,2769.0497
84.6,2753.473594,2737.614209,2731.227334,2737.328999,2736.097138,2745.029311,2784.739503,2734.279961,2834.964562,2727.630918,2722.283575,2723.011272,2720.857028,2725.595852,2741.713193,2755.191122,2751.150432,2803.648,2755.331399,2734.225165,2752.036984,2746.867057,2725.186179,2737.6761,2763.864818,2758.118383,2777.685213,2725.906469,2703.867333,2743.429633,2720.286024,2741.261026,2712.733014,2753.340896,2738.508814,2767.91121
84.8,2752.117354,2736.392115,2729.915855,2736.324526,2735.012602,2743.771363,2783.076601,2733.516027,2833.489703,2726.470219,2721.162512,2722.204513,2719.970085,2725.049077,2739.968101,2754.276688,2750.437735,2801.783782,2754.411475,2733.022647,2750.551049,2745.674249,2724.488978,2737.051847,2763.362245,2757.659273,2776.855412,2725.410415,2703.021659,2742.161477,2719.219971,2740.437861,2711.892613,2752.705179,2737.877716,2767.127989
85,2750.889806,2735.34546,2728.832764,2735.461051,2734.325832,2742.60769,2781.61746,2732.821281,2832.144763,2725.114623,2720.054815,2721.201907,2719.152882,2724.436787,2738.471475,2753.47069,2749.629767,2800.09738,2753.606134,2732.028702,2749.136313,2744.659681,2723.780211,2736.617934,2762.800299,2757.121772,2776.003431,2724.938375,2702.34453,2741.267177,2718.39068,2739.543778,2711.267759,2751.926248,2737.399824,2766.41087
85.2,2749.867512,2734.470058,2727.874828,2734.365914,2733.691533,2741.643079,2780.516042,2732.288969,2830.79123,2723.825977,2718.902967,2720.054991,2718.350595,2723.660581,2737.225929,2752.546201,2748.704859,2798.62799,2753.017581,2731.04293,2747.938951,2743.910382,2722.942176,2736.401979,2762.189874,2756.74246,2775.217102,2724.545321,2701.738362,2740.50915,2717.594275,2738.751945,2710.958068,2751.030984,2736.828567,2765.634099
85.4,2749.057066,2733.75904,2727.259452,2733.227899,2732.823864,2740.718953,2779.790432,2731.863419,2829.42773,2722.739841,2717.734944,2718.784806,2717.664295,2722.870358,2736.362641,2751.919517,2747.883442,2797.456242,2752.316755,2730.167966,2747.02781,2743.420812,2722.215456,2735.98418,2761.716318,2756.570245,2774.528474,2724.005091,2701.079332,2739.873971,2716.845634,2738.069038,2710.715363,2750.172131,2736.148984,2764.961175
85.6,2748.491368,2733.020109,2726.618955,2732.293273,2732.081212,2739.759707,2779.206444,2731.409323,2828.151882,2721.783986,2716.71681,2717.626533,2716.988064,2721.957248,2735.601272,2751.197597,2747.068705,2796.517545,2751.526533,2729.38323,2746.369895,2742.886456,2721.433493,2735.62597,2761.212673,2756.474884,2774.029653,2723.342886,2700.267692,2739.278977,2716.177982,2737.611877,2710.644096,2749.615425,2735.670408,2764.17913
85.8,2747.845034,2732.407434,2726.313784,2731.604665,2731.547034,2738.732954,2778.662225,2730.662874,2827.041593,2720.869041,2715.976771,2716.643726,2716.47679,2721.020494,2735.107031,2750.23297,2746.393862,2795.585581,2750.656217,2728.921438,2745.906943,2742.447629,2720.761809,2735.183374,2760.786149,2756.137972,2773.33321,2722.691076,2699.308389,2738.652693,2715.711084,2737.361118,2710.525837,2749.256002,2735.239052,2763.203435
86,2747.302747,2731.840817,2726.069622,2730.889352,2730.909017,2737.945655,2778.132683,2729.920386,2825.85947,2720.325737,2715.461011,2715.846792,2715.772174,2720.186451,2734.45574,2749.350281,2745.870829,2794.56005,2749.958414,2728.485008,2745.45837,2741.877407,2720.167574,2734.783998,2760.358096,2755.969276,2772.763072,2722.161107,2698.153206,2737.866174,2715.069413,2737.080903,2710.231243,2749.293611,2734.760727,2762.466292
86.2,2746.617012,2731.164861,2725.89364,2730.380258,2730.1956,2737.074058,2777.408072,2729.149376,2824.873577,2719.956108,2714.902375,2715.318802,2715.310216,2719.546624,2733.829627,2748.6127,2745.438413,2793.614524,2749.078924,2728.061241,2744.842852,2741.238103,2719.706899,2734.207739,2759.951706,2755.679582,2772.210435,2721.563488,2697.050319,2737.049583,2714.270038,2736.804104,2709.625773,2749.287285,2734.306032,2761.91996
86.4,2745.953599,2730.449215,2725.489553,2730.063274,2729.772279,2736.316517,2776.505396,2728.231315,2824.058996,2719.569351,2714.42792,2714.950516,2714.667848,2718.948963,2733.00372,2747.80206,2744.720211,2792.596885,2748.32389,2727.555269,2744.162464,2740.463868,2719.203115,2733.85775,2759.392779,2755.354395,2771.691346,2721.089395,2696.046909,2736.153229,2713.437727,2736.482062,2708.905835,2749.157232,2733.95946,2761.448627
86.6,2745.106853,2729.808031,2725.129453,2729.734683,2729.149951,2735.52708,2775.61063,2727.417357,2823.367559,2719.241034,2713.986698,2714.493601,2714.203937,2718.332209,2732.291745,2747.234042,2744.118283,2791.57454,2747.843545,2726.862386,2743.235364,2739.784267,2719.052536,2733.577276,2758.851659,2754.95331,2770.919499,2720.748007,2695.255067,2735.292696,2712.533778,2736.028116,2708.233959,2748.925067,2733.683679,2761.178325
86.8,2744.334627,2728.969179,2724.518067,2729.31519,2728.513152,2735.098662,2774.828879,2726.821359,2822.772462,2719.023015,2713.43496,2714.066765,2713.544872,2717.891216,2731.426299,2746.897448,2743.475516,2790.798552,2747.441194,2725.903607,2742.21628,2738.969894,2718.836603,2733.355532,2758.144932,2754.738449,2770.174931,2720.339376,2694.599718,2734.530039,2711.768122,2735.352471,2707.727736,2748.411789,2733.464873,2761.104986
87,2743.539292,2728.135643,2723.742425,2728.995923,2727.857514,2734.628697,2774.090485,2726.383093,2822.255942,2718.644258,2712.825632,2713.68881,2713.02312,2717.363334,2730.79479,2746.472919,2742.752373,2790.073069,2747.022266,2724.948746,2741.304787,2738.219658,2718.606603,2733.094952,2757.622025,2754.561564,2769.405998,2719.694576,2694.195592,2733.837851,2711.182472,2734.776992,2707.449348,2747.53991,2733.358633,2760.970072
87.2,2743.035712,2727.46202,2722.703317,2728.647693,2727.326427,2734.327481,2773.469771,2725.962928,2821.629044,2718.09355,2712.423434,2713.292516,2712.416097,2716.684994,2730.058108,2745.970397,2742.203414,2789.320155,2746.742047,2723.882995,2740.488773,2737.377922,2718.575502,2733.011007,2757.143866,2754.332145,2768.610128,2719.134579,2693.815046,2733.211925,2710.827882,2734.345207,2707.403533,2746.773094,2733.433018,2760.70435
87.4,2742.699731,2726.956498,2721.79331,2728.143028,2726.798961,2734.083538,2773.030271,2725.575458,2820.879538,2717.6704,2712.072255,2712.961035,2712.05951,2716.06453,2729.445779,2745.45348,2741.915222,2788.723809,2746.386918,2722.881051,2739.664026,2736.580728,2718.549,2732.737749,2756.856525,2753.92582,2767.878554,2718.44512,2693.476717,2732.750229,2710.587521,2734.160917,2707.420121,2746.103776,2733.663258,2760.504017
87.6,2742.686649,2726.495391,2720.940812,2727.666796,2726.564566,2734.071313,2772.390335,2725.068333,2820.026829,2717.212466,2711.607265,2712.72831,2711.539414,2715.734667,2728.845627,2744.904583,2741.539596,2788.27073,2745.803592,2722.100303,2739.142625,2735.777758,2718.430761,2732.37843,2756.475133,2753.555248,2767.275276,2717.876012,2693.078507,2732.343635,2710.510967,2734.004671,2707.30236,2745.298258,2733.66915,2760.258277
87.8,2742.621851,2726.308137,2720.186745,2727.115378,2726.231415,2733.721056,2771.635779,2724.51732,2819.188725,2716.700536,2711.236244,2712.31483,2711.206733,2715.330685,2728.258114,2744.147489,2741.014724,2787.464638,2745.251624,2721.448776,2738.678732,2735.068249,2718.22111,2732.108039,2756.139705,2753.01941,2766.913055,2717.403523,2692.668061,2731.835492,2710.298394,2733.857391,2707.189899,2744.709868,2733.63029,2759.911108
88,2742.580849,2726.139441,2719.619524,2726.432993,2725.853599,2733.417187,2770.926756,2723.819505,2818.524832,2716.26451,2710.810354,2711.815432,2710.948408,2715.061912,2727.459901,2743.490996,2740.46756,2786.728577,2744.610749,2720.852444,2738.081267,2734.267967,2717.979349,2731.811625,2755.646941,2752.354326,2766.42465,2717.055665,2692.256217,2731.414857,2710.105043,2733.815754,2706.932909,2744.346733,2733.548608,2759.541046
88.2,2742.446954,2725.877173,2719.421262,2725.772757,2725.485412,2733.009651,2770.227066,2723.284102,2818.035736,2715.947676,2710.165042,2711.267278,2710.740612,2715.001395,2726.799017,2742.976226,2739.839918,2785.930481,2743.933906,2720.572025,2737.567239,2733.642942,2717.519542,2731.302105,2754.991265,2751.888467,2766.033291,2716.553608,2691.82816,2730.909255,2709.960155,2733.678989,2706.596341,2744.152416,2733.159621,2759.140954
88.4,2742.12893,2725.512497,2719.23653,2725.225685,2725.08746,2732.475758,2769.501878,2722.833676,2817.779645,2715.493867,2709.348516,2710.673685,2710.453129,2714.902699,2726.257191,2742.547706,2739.193666,2785.170676,2743.349177,2720.399867,2737.22354,2733.181185,2717.139909,2730.973182,2754.283047,2751.669784,2765.672479,2716.259463,2691.268176,2730.401179,2709.794357,2733.304456,2706.329584,2743.811882,2732.553769,2758.741648
88.6,2741.58956,2725.191234,2719.114205,2724.709109,2724.459768,2731.833159,2769.041414,2722.579746,2817.672328,2715.176099,2708.662224,2710.039675,2710.222393,2714.549574,2725.564413,2742.081605,2738.545322,2784.181457,2743.060907,2720.233317,2736.717053,2732.791466,2716.610907,2730.729328,2753.755716,2751.362572,2765.30847,2715.839023,2690.772603,2729.93941,2709.537653,2732.911371,2706.210231,2743.744084,2732.00249,2758.297213
88.8,2741.226415,2724.726156,2718.991554,2724.405872,2724.033522,2731.492618,2768.741694,2722.386409,2817.431062,2714.786376,2707.854386,2709.613564,2709.987294,2714.271735,2725.084437,2741.800382,2738.092899,2783.418221,2742.69519,2720.032699,2736.271713,2732.556599,2716.182283,2730.452305,2753.326151,2751.35588,2764.94957,2715.489808,2690.450131,2729.694321,2709.373227,2732.612978,2705.989083,2743.603868,2731.457901,2758.033175
89,2740.89842,2724.306188,2718.747377,2724.070155,2723.83446,2730.903798,2768.44838,2722.312148,2817.063319,2714.411194,2706.979883,2709.347713,2709.732564,2713.944209,2724.721297,2741.455921,2737.722101,2782.734783,2742.253402,2719.89298,2736.026913,2732.575427,2715.739396,2730.118974,2753.035228,2751.318876,2764.814915,2715.225618,2690.062155,2729.493053,2709.185965,2732.155541,2705.85962,2743.357275,2730.961148,2757.689103
89.2,2740.644137,2723.879303,2718.298603,2723.755531,2723.597177,2730.413926,2768.156538,2722.18867,2816.609691,2714.014838,2706.44913,2709.166717,2709.298706,2713.423685,2724.387906,2741.158396,2737.407732,2782.258505,2741.765056,2719.536896,2735.7495,2732.613859,2715.405988,2730.071696,2752.948112,2751.09603,2764.599116,2715.17912,2689.803632,2729.429718,2708.868561,2731.737761,2705.949208,2742.837104,2730.854518,2757.614675
89.4,2740.301834,2723.341032,2717.760651,2723.226834,2723.29972,2729.879531,2767.828787,2722.029228,2815.988053,2713.627183,2706.009624,2709.024608,2708.818581,2712.801624,2723.864772,2740.759205,2737.105543,2781.692326,2741.32353,2719.062609,2735.136791,2732.432571,2714.957903,2729.888438,2752.927839,2750.725305,2764.319207,2714.985679,2689.687313,2729.24205,2708.495712,2731.440528,2705.833165,2742.531053,2730.721601,2757.232342
89.6,2740.079177,2722.731336,2717.046777,2722.607115,2723.143317,2729.310942,2767.449572,2721.765277,2815.260369,2713.185042,2705.406045,2708.84668,2708.299194,2712.288153,2723.574424,2740.261141,2736.815366,2781.312304,2740.711291,2718.711093,2734.551396,2732.097184,2714.645616,2729.556766,2752.960717,2750.473875,2764.000677,2714.906054,2689.47811,2729.024247,2708.182525,2731.236892,2705.557499,2741.963559,2730.726858,2756.882621
89.8,2739.726729,2722.16707,2716.370722,2721.879641,2722.801445,2728.507784,2767.012794,2721.497633,2814.566824,2713.036108,2704.947328,2708.514234,2707.716621,2711.742886,2723.038458,2739.71384,2736.470449,2780.920879,2740.303476,2718.399911,2733.81529,2731.60825,2714.273835,2729.166923,2752.977875,2750.006,2763.40542,2714.74944,2689.137687,2728.559373,2707.89584,2730.916363,2705.381562,2741.463664,2730.568846,2756.334038
90,2739.333049,2721.541623,2715.80404,2721.342844,2722.315357,2727.991976,2766.49549,2721.184095,2813.950278,2712.809509,2704.725654,2708.017303,2707.02377,2711.163219,2722.616419,2739.098807,2736.093203,2780.499571,2740.087425,2717.922917,2732.970982,2730.98662,2714.017482,2728.947148,2752.762412,2749.702965,2762.75574,2714.472571,2688.856183,2727.847347,2707.590873,2730.661571,2705.004622,2740.954565,2730.318162,2755.896671
90.2,2738.788761,2720.983983,2715.377818,2720.715079,2721.868948,2727.339161,2766.001913,2720.810897,2813.384912,2712.635174,2704.191996,2707.357768,2706.50472,2710.725227,2722.215852,2738.209013,2735.602515,2779.893356,2739.956803,2717.579867,2732.109785,2730.289646,2713.457428,2728.432318,2752.400985,2749.488685,2762.112018,2714.109995,2688.435183,2727.163973,2707.341558,2730.471514,2704.364092,2740.547091,2729.782144,2755.202627
90.4,2738.543167,2720.637464,2715.039433,2720.380188,2721.440104,2726.883081,2765.404592,2720.691592,2812.887827,2712.43266,2703.693076,2706.586518,2706.026133,2710.427483,2721.922012,2737.244213,2734.948431,2779.39056,2739.819026,2717.291051,2731.468915,2729.823519,2712.965176,2728.038146,2751.777059,2749.250148,2761.397021,2713.856322,2687.921845,2726.49324,2707.051278,2730.174429,2703.892073,2740.033215,2729.375212,2754.764105
90.6,2738.195353,2720.147861,2714.880169,2720.064882,2720.991386,2726.594502,2764.699101,2720.620845,2812.411896,2712.111929,2703.46774,2705.888069,2705.667754,2710.177841,2721.476702,2736.473394,2734.312019,2778.749987,2739.635954,2716.839632,2730.775054,2729.510679,2712.264211,2727.814705,2750.813718,2748.93538,2760.571074,2713.551301,2687.339117,2725.75359,2706.683045,2729.734485,2703.547925,2739.587332,2728.967192,2754.231384
90.8,2737.78279,2719.654501,2714.715215,2719.729004,2720.630962,2726.434509,2764.056728,2720.528154,2811.938587,2711.407964,2703.078332,2705.269171,2705.373036,2709.898806,2721.162567,2735.652306,2733.615767,2778.212309,2739.228488,2716.289002,2730.199654,2729.149602,2711.582404,2727.51521,2749.719943,2748.719822,2759.985888,2713.110898,2686.760534,2725.206208,2706.161512,2729.421728,2703.110733,2738.898299,2728.663485,2753.712055
91,2737.415623,2719.182677,2714.363331,2719.278006,2720.214273,2726.147669,2763.430051,2720.518942,2811.404873,2710.884655,2702.429336,2704.638806,2705.191193,2709.763079,2720.690711,2734.936312,2732.909242,2777.669264,2738.762273,2715.804266,2729.452759,2728.711015,2710.783475,2727.175518,2748.755319,2748.27736,2759.212083,2712.801672,2686.227773,2724.8773,2705.713219,2728.98993,2702.907014,2738.299984,2728.313193,2753.002267
91.2,2737.160289,2718.692539,2713.829542,2718.888859,2719.797348,2726.070817,2762.788161,2720.544613,2810.745576,2710.287156,2701.82725,2704.065215,2705.058617,2709.630651,2720.067858,2734.348718,2732.290067,2777.203256,2738.301186,2715.248818,2728.64214,2728.397922,2710.390174,2727.113381,2747.916349,2747.823461,2758.416171,2712.542899,2685.582472,2724.328414,2705.238362,2728.444519,2702.694716,2737.6189,2727.99747,2752.283267
91.4,2736.51962,2718.067837,2713.363491,2718.504751,2719.330204,2725.890322,2762.215559,2720.295033,2810.021013,2709.857758,2701.301004,2703.564055,2705.005448,2709.46226,2719.399208,2734.007011,2731.823394,2776.534616,2737.747525,2714.841662,2727.910251,2727.721161,2709.943068,2726.94026,2747.237244,2747.342552,2757.787462,2712.255325,2684.994675,2724.013069,2704.9364,2728.058918,2702.579094,2736.940513,2727.701207,2751.52323
91.6,2735.922121,2717.718975,2712.81726,2718.144606,2718.801327,2725.535614,2761.72438,2719.958101,2809.436935,2709.362589,2700.535342,2703.079502,2704.797632,2709.15674,2718.708745,2733.48729,2731.271571,2776.049087,2737.201225,2714.363783,2727.269565,2727.062621,2709.663927,2726.651354,2746.754819,2746.851027,2757.510925,2711.902074,2684.527769,2723.76897,2704.73442,2727.716792,2702.512715,2736.340411,2727.261427,2750.901092
91.8,2735.445395,2717.510485,2712.280775,2717.761202,2718.259178,2725.130258,2761.178158,2719.622165,2808.856935,2709.067879,2700.057727,2702.672447,2704.655789,2708.869957,2718.173024,2733.025028,2730.718367,2775.504761,2736.729024,2714.141694,2726.59173,2726.438544,2709.517145,2726.511593,2746.494323,2746.262487,2757.125092,2711.773654,2684.028773,2723.482275,2704.689442,2727.232101,2702.506987,2735.938928,2726.944923,2750.382804
92,2734.980669,2717.312443,2711.83966,2717.385879,2717.863919,2724.750949,2760.694947,2719.09543,2808.295456,2708.587189,2699.742972,2702.440579,2704.569795,2708.553653,2717.636853,2732.506807,2730.257529,2774.886119,2736.216989,2713.930538,2726.203092,2725.957562,2709.501113,2726.362256,2746.241256,2745.868891,2756.898957,2711.639075,2683.275821,2723.164364,2704.545162,2726.944922,2702.325614,2735.38836,2726.693076,2750.081288
92.2,2734.513461,2717.06769,2711.588624,2717.190339,2717.423514,2724.036363,2760.344041,2718.54453,2807.738676,2708.004811,2699.591625,2702.388946,2704.392651,2708.201479,2717.158975,2731.88245,2729.735519,2774.303386,2735.658693,2713.714254,2725.864785,2725.280752,2709.416718,2725.956355,2745.997169,2745.313562,2756.663363,2711.488829,2682.713923,2722.9598,2704.529278,2726.579382,2702.252913,2734.967089,2726.42717,2749.843307
92.4,2734.469758,2716.840232,2711.19753,2716.783451,2717.016169,2723.211499,2760.111467,2718.062536,2807.112946,2707.289119,2699.345281,2702.282777,2704.029058,2707.755276,2716.707782,2730.958582,2729.084304,2773.754078,2735.121911,2713.262805,2725.408263,2724.968879,2709.408528,2725.631891,2745.740183,2744.829844,2756.247454,2711.180144,2682.103927,2722.543099,2704.441139,2726.119521,2702.013586,2734.492118,2726.091355,2749.571374
92.6,2734.423977,2716.532963,2710.765755,2716.383033,2716.605885,2722.339275,2759.814831,2717.646575,2806.290643,2706.899706,2699.17745,2702.020378,2703.769472,2707.441135,2716.352653,2729.996661,2728.624178,2773.106323,2734.56601,2712.836691,2725.029811,2724.521687,2709.467724,2725.407995,2745.580876,2744.379334,2755.555607,2711.010107,2681.603628,2722.083533,2704.189515,2725.787043,2701.687141,2733.904018,2725.912942,2749.141755
92.8,2734.380339,2715.971971,2710.128409,2716.074649,2716.266136,2721.461088,2759.327077,2717.196079,2805.567925,2706.500293,2698.688206,2701.709229,2703.385179,2707.097524,2715.767047,2728.865943,2728.222364,2772.265086,2733.982061,2712.244163,2724.535326,2724.079435,2709.348552,2724.975653,2745.083861,2743.901287,2754.810719,2710.720708,2681.106451,2721.456991,2703.87836,2725.606398,2701.266397,2733.353786,2725.593504,2748.699515
93,2734.265626,2715.318837,2709.497939,2715.767171,2715.760518,2720.630394,2758.641711,2716.881375,2804.777466,2706.213127,2698.165575,2701.169865,2702.824075,2706.65111,2715.314642,2727.670612,2727.678526,2771.4245,2733.411039,2711.741223,2723.815784,2723.469395,2709.132955,2724.500186,2744.583684,2743.288793,2754.070457,2710.319258,2680.841379,2720.729424,2703.459074,2725.284334,2700.951205,2732.969496,2725.329214,2748.107824
93.2,2734.115027,2714.670726,2708.690345,2714.961243,2715.21185,2720.066551,2757.734732,2716.540404,2804.053338,2706.074413,2697.488116,2700.501263,2702.283738,2706.202565,2715.035442,2726.615907,2727.126582,2770.525312,2732.843371,2711.323705,2723.100936,2722.93976,2708.782182,2724.164775,2743.929771,2743.141451,2753.345701,2709.964271,2680.422569,2720.010161,2702.784427,2725.152738,2700.658557,2732.631676,2725.244463,2747.488746
93.4,2733.567281,2714.038308,2707.984666,2714.269152,2714.744548,2719.684438,2756.683471,2716.157766,2803.664726,2705.927076,2696.921685,2699.916944,2701.870733,2705.878262,2714.861763,2725.686018,2726.768291,2769.663899,2732.248367,2711.029647,2722.395712,2722.081597,2708.393886,2723.786714,2743.387768,2743.03859,2752.688893,2709.800422,2680.114693,2719.299532,2701.993026,2724.946267,2700.437296,2732.393763,2725.136239,2746.913209
93.6,2733.136123,2713.249818,2707.437843,2713.640748,2714.214877,2719.303887,2755.663781,2715.748062,2803.31471,2705.609166,2696.421937,2699.572383,2701.477963,2705.424058,2714.551835,2724.796995,2726.293603,2768.657583,2731.857476,2710.857023,2721.381519,2721.260309,2707.872836,2723.262383,2742.771022,2743.008288,2752.111302,2709.496227,2679.741597,2718.667705,2701.345243,2724.564464,2700.216386,2732.20573,2725.030589,2746.458803
93.8,2732.625956,2712.488884,2707.12852,2712.982371,2713.454895,2718.909199,2755.012935,2715.27305,2802.871974,2705.308427,2696.18231,2699.044647,2701.116827,2704.909446,2714.295285,2724.066921,2725.814645,2767.710621,2731.615943,2710.622083,2720.483007,2720.442138,2707.518524,2722.961806,2742.442229,2743.081713,2751.512749,2709.263661,2679.423556,2718.246454,2700.639895,2724.091562,2700.091028,2732.009037,2725.054214,2745.756134
94,2732.169823,2711.752747,2706.828068,2712.399704,2712.850381,2718.2484,2754.496656,2714.688028,2802.519732,2704.962551,2696.056169,2698.738378,2700.894318,2704.4449,2714.097629,2723.421815,2725.428163,2766.764111,2731.356042,2710.249295,2719.668287,2719.690154,2707.107202,2722.600859,2742.048539,2743.193078,2750.894813,2709.052606,2679.053794,2717.868797,2700.201614,2723.587007,2699.835413,2731.675916,2724.888917,2745.113672
94.2,2731.646094,2711.046307,2706.739401,2712.232029,2712.30636,2717.503176,2754.038437,2714.114413,2802.176393,2704.754411,2695.929727,2698.311511,2700.675475,2703.954134,2713.730951,2722.690893,2724.950829,2765.753617,2731.029592,2709.772309,2718.90641,2718.785871,2706.682992,2722.128756,2741.687399,2742.84009,2750.263141,2708.723616,2678.930867,2717.432916,2700.027248,2722.983452,2699.411997,2731.156367,2724.488611,2744.406837
94.4,2731.293126,2710.203021,2706.522624,2711.98441,2711.690472,2716.603866,2753.551657,2713.373704,2801.546108,2704.504726,2695.653317,2697.781604,2700.412154,2703.460953,2713.384615,2722.036478,2724.213505,2764.752122,2730.655899,2709.301195,2718.162743,2717.993325,2706.126602,2721.568819,2741.066973,2742.389342,2749.644635,2708.290009,2678.592302,2716.914247,2700.057489,2722.395456,2698.757319,2730.55919,2723.814912,2743.540664
94.6,2730.64843,2709.441205,2706.614326,2711.432816,2711.135877,2715.727224,2753.081909,2712.633489,2800.780558,2704.582776,2694.848823,2697.083585,2700.255819,2703.100151,2713.140848,2721.272809,2723.477719,2764.06564,2730.029912,2708.798569,2717.982316,2716.875688,2705.341054,2720.77017,2740.225177,2741.976629,2749.03247,2707.927632,2678.270499,2716.313531,2700.431276,2722.047352,2698.096338,2729.918031,2723.086507,2742.546793
94.8,2730.028884,2708.725046,2706.597788,2711.024569,2710.742731,2714.845696,2752.358381,2711.899898,2800.082363,2704.663901,2694.017102,2696.414397,2700.063161,2702.790301,2712.92272,2720.512443,2722.576475,2763.32582,2729.222569,2708.335343,2717.734667,2715.705722,2704.440053,2719.88596,2739.253161,2741.315347,2748.480833,2707.451663,2678.005925,2715.559304,2700.895293,2721.634309,2697.226147,2729.143213,2722.068736,2741.640791
95,2729.039536,2707.937167,2707.427005,2709.701227,2710.197388,2714.032963,2751.721792,2711.209788,2798.843386,2705.318544,2691.900856,2695.734766,2700.201491,2702.685537,2712.685114,2719.427503,2721.823317,2763.241199,2728.285601,2708.064765,2718.356641,2713.936141,2702.993062,2718.338869,2737.855263,2741.257839,2748.001644,2707.146043,2677.574749,2714.809141,2702.037166,2721.759721,2696.593476,2728.460551,2721.395192,2740.614141
